,precision,recall,f1-score,support
-1,0.7428571428571429,0.20634920634920634,0.32298136645962733,126.0
0,0.1981042654028436,0.9330357142857143,0.326817826426896,224.0
1,0.9102990033222591,0.30614525139664805,0.45819397993311034,895.0
2,0.8219895287958116,0.4658753709198813,0.5946969696969696,337.0
accuracy,0.42098609355246525,0.42098609355246525,0.42098609355246525,0.42098609355246525
macro avg,0.6683124850945142,0.4778513857378625,0.42567253562915086,1582.0
weighted avg,0.7773093771351753,0.42098609355246525,0.4579009709997157,1582.0
