,precision,recall,f1-score,support
-1,1.0,0.16666666666666666,0.2857142857142857,126.0
0,0.8181818181818182,0.16071428571428573,0.2686567164179105,224.0
1,0.6986754966887417,0.9430167597765363,0.8026628625772706,895.0
2,0.7993527508090615,0.7329376854599406,0.7647058823529411,337.0
accuracy,0.7256637168141593,0.7256637168141593,0.7256637168141593,0.7256637168141593
macro avg,0.8290525164199054,0.5008338494043574,0.5304349367656019,1582.0
weighted avg,0.7610424613348955,0.7256637168141593,0.6777928248022822,1582.0
